Narratif	Nombre de drones	Date	Département	Comune	Section Communale	Localité	X	Y	Identifiant	Tué	Blessé	Bilan humain
Des unités spécialisées de la PNH ont lancé une offensive et déployé des drones explosifs pour cibler des membres du GCO 5 Segonn cachés dans les montagnes.	2	22/7/2025	Ouest	Kenscoff	3e Section Sourcailles	Obléon	18.43814087	-72.27217865	hti:01f1984e	0	0	inconnu
Des agents de la PNH ont mener des opération contre des membres du GCO Grand Ravin en utilisant au moins un drone explosif.	1	29/12/2025	Ouest	Port-au-Prince	1re Section Turgeau	Centre-Ville	18.54016113	-72.34607697	hti:02ec2a0f	0	0	inconnu
Des agents de la PNH ont lancé au moins 8 drones explosifs pour repousser des membres de GCO, dont 5 Segonn, lors d'une opération.	8	13/7/2025	Ouest	Kenscoff	3e Section Sourcailles	Via	18.45088768	-72.29759216	hti:033511fc	0	0	inconnu
Des agents de la PNH ont déployé au moins trois drones explosifs contre des membres du GCO Gran Ravin lors d’une intervention.	3	5/2/2026	Ouest	Port-au-Prince	1re Section Turgeau	Pacot	18.53546524	-72.33055878	hti:0366dff5	0	0	inconnu
Des unités de la PNH ont lancé au moins neuf drones explosifs contre les membres des GCO Gran Ravin et 5 Segonn.	9	31/8/2025	Ouest	Port-au-Prince	1re Section Turgeau	Bas Peu De Choses	18.53350449	-72.3385849	hti:04904d97	0	0	inconnu
Des agents de la PNH ont lancé au moins deux drones en direction de la base du GCO Gran Ravin.	2	1/6/2025	Ouest	Port-au-Prince	3e Section Martissant	Grand Ravine	18.52639771	-72.35605621	hti:04e75a6d	0	0	inconnu
Des membres des forces de défense et sécurité ont déployé au moins un drone explosif contre les positions du GCO 5 Segonn.	1	2/5/2026	Ouest	Port-au-Prince	1re Section Turgeau	Morne à Tuf	18.53927994	-72.34205627	hti:05e9c45a	0	0	inconnu
Des agents de l’unité spécialisée de la Task Force ont déployé un drone explosif visant des membres du GCO Gran Ravin retranchés dans des habitations situées à proximité de la population civile.	1	13/10/2025	Ouest	Port-au-Prince	1re Section Turgeau	Turgeau	18.53376961	-72.33000946	hti:0602309c	0	0	inconnu
Des agents de la PNH ont lancé au moins deux drones explosifs ciblant des membres du GCO 5 Segonn et du GCO Gran Ravin.	2	3/1/2026	Ouest	Port-au-Prince	1re Section Turgeau	Centre-Ville	18.54863167	-72.34220123	hti:07532626	0	0	inconnu
Des agents de la PNH ont déployé au moins un drone explosif contre des membres du GCO Gran Ravin.	1	31/1/2026	Ouest	Port-au-Prince	3e Section Martissant	2ème Avenue Bolosse	18.53123665	-72.34975433	hti:080da732	0	0	inconnu
Des agents de la PNH ont lancé au moins trois drones explosifs au cours d’une opération ciblée contre les membres des GCO 5 Segonn et Gran Ravin.	1	6/11/2025	Ouest	Port-au-Prince	1re Section Turgeau	Centre-Ville	18.53194618	-72.3404541	hti:0a4f4d59	0	0	inconnu
Des membres de la Task Force ont fait usage d'un drone explosif au centre-ville contre des positions des membres du GCO 5 Segonn/Gran Ravin.	3	15/9/2025	Ouest	Port-au-Prince	1re Section Turgeau	Bas Peu De Choses	18.53350449	-72.3385849	hti:0b7b878c	0	0	inconnu
Les forces de défense et de sécurité ont lancé au moins un drone explosif contre les positions des membres du GCO 5 Segonn lors d’une opération.	1	4/5/2026	Ouest	Port-au-Prince	3e Section Martissant	Portail Leogane	18.53637695	-72.34653473	hti:0c346883	0	0	inconnu
Des agents de la PNH ont attaqué et lancé au moins quatre drones explosifs contre la base du GCO Gran Ravin.	4	3/5/2025	Ouest	Port-au-Prince	3e Section Martissant	Fort-Mercredi	18.52534676	-72.35220337	hti:0c501f0a	0	0	inconnu
Des unités spécialisées de la Task Force ont lancé au moins un drone en direction de membres des GCO Gran Ravine et 5 Segonn, retranchés dans des habitations.	1	22/10/2025	Ouest	Port-au-Prince	1re Section Turgeau	Pacot	18.53201866	-72.33316803	hti:0c992cc4	0	0	inconnu
Des unités spécialisées de la PNH ont lancé au moins un drone explosif en direction de membres du GCO Gran Ravin.	1	31/1/2026	Ouest	Port-au-Prince	3e Section Martissant	Carrefour Feuilles	18.56218529	-72.28340912	hti:0ccc09e0	0	0	inconnu
Des agents de la PNH ont lancé au moins huit drones contre la base du GCO de Gran Ravin . Au moins 3 présumés membres du GCO ont été blessés.	8	12/6/2025	Ouest	Port-au-Prince	3e Section Martissant	Grand Ravine	18.52639771	-72.35605621	hti:0db4358b	3	0	Connu
Des agents de la PNH ont déployé au moins trois drones explosifs lors d’une opération ciblant les positions du GCO 5 Segonn.	3	18/3/2026	Ouest	Port-au-Prince	3e Section Martissant	Portail Leogane	18.53637886	-72.34645844	hti:0edca068	0	0	inconnu
Des unités de la Police Nationale d’Haïti (PNH) ont frappé des membres du GCO 5 Segonn à l’aide de drones explosifs lors d’une opération.	3	7/8/2025	Ouest	Port-au-Prince	1re Section Turgeau	Morne à Tuf	18.53879738	-72.34369659	hti:1004d193	0	0	inconnu
Des unités spécialisées de la Task Force ont déployé au moins quatre drones explosifs afin de tenter de repousser les membres du GCO 5 Segonn et Gran Ravin.	4	9/10/2025	Ouest	Port-au-Prince	1re Section Turgeau	Bas Peu De Choses	18.53334999	-72.33863831	hti:10252fee	0	0	inconnu
Des agents de la PNH ont déployé au moins un drone explosif contre des membres du GCO 5 Segonn retranchés dans des habitations abandonnées.	1	3/1/2026	Ouest	Port-au-Prince	1re Section Turgeau	Morne à Tuf	18.53585625	-72.33976746	hti:104654b6	0	0	inconnu
Des unités spécialisées de la PNH ont utilisé des drones explosifs pour frapper des membres du GCO 5 Segonn retranchés dans les montagnes.	2	22/7/2025	Ouest	Kenscoff	2e Section Bongars	Belo	18.45070648	-72.3387146	hti:10ef6af0	0	0	inconnu
Des membres des forces de défense et de sécurité ont lancé au moins un drone explosif contre des membres du GCO Gran Ravin lors d'une opération.	1	27/4/2026	Ouest	Port-au-Prince	3e Section Martissant	Martissant	18.53363419	-72.3560257	hti:123299d9	0	0	inconnu
Des unités spécialisées de la Task Force ont lancé au moins un drone explosif contre les positions des membres du GCO 5 Segonn.	1	2/11/2025	Ouest	Port-au-Prince	1re Section Turgeau	Port-au-Prince	18.54732704	-72.33959198	hti:1380bef9	0	0	inconnu
Des unités spécialisées de la PNH ont déployé au moins un drone explosif visant la base du GCO Gran Ravin.	1	11/11/2025	Ouest	Port-au-Prince	3e Section Martissant	Fort-Mercredi	18.52661896	-72.35037994	hti:13ae2f24	0	0	inconnu
Des unités de la PNH ont lancé plusieurs drones explosifs contre des membres d’une alliance de GCO, dont 5 Segonn retranchés dans des zones difficilement accessibles.	2	31/7/2025	Ouest	Kenscoff	3e Section Sourcailles	Godet	18.44772911	-72.30667877	hti:141e3c72	0	0	inconnu
Des unités spécialisées de la PNH ont lancé au moins un drone explosif en direction des membres du GCO Gran Ravin, lors d’une opération ciblée.	1	2/9/2025	Ouest	Port-au-Prince	1re Section Turgeau	Port-au-Prince	18.54732704	-72.33959198	hti:14b196cb	0	0	inconnu
Des membres de la forces de défense et de sécurité ont lancé au moins deux drones explosifs en directions des membres du GCO 5 Segonn. Des échanges de tirs ont duré quelques minutes.	2	21/4/2026	Ouest	Port-au-Prince	3e Section Martissant	Portail Leogane	18.53728676	-72.34643555	hti:14be1a77	0	0	inconnu
Des agents de la PNH ont attaqué et lancé plusieurs drones explosifs en direction des membres du GCO 5 Segonn et Gran Ravin pour les repousser et limiter leur progression.	2	20/5/2025	Ouest	Port-au-Prince	1re Section Turgeau	Port-au-Prince	18.54732704	-72.33959198	hti:153842be	0	0	inconnu
Des agents de la PNH ont lancé au moins un drone explosif contre des membres du GCO Gran Ravin lors d'une intervention.	1	19/1/2026	Ouest	Port-au-Prince	1re Section Turgeau	Pacot	18.53167152	-72.33322906	hti:15dd3952	0	0	inconnu
Des agents de la PNH ont lancé au moins un drone explosif dans une zone occupée par des membres du GCO, dont 5 Segonn.	1	13/5/2025	Ouest	Port-au-Prince	1re Section Turgeau	Bas Peu De Choses	18.53579712	-72.33976746	hti:16222ea2	0	0	inconnu
Des forces de défense et de sécurité ont lancé un drone explosif contre les membres du GCO Gran Grif.	1	6/5/2026	Artibonite	Petite Rivière de l'Artibonite	1re Section Bas Coursin I	Jean Denis	19.18319511	-72.55220032	hti:1641a6f5	0	0	inconnu
Des unités de la PNH ont utilisé des drones explosifs contre des membres de GCO 5 segonn lors d’une opération visant à les déloger des positions occupées.	1	25/7/2025	Ouest	Kenscoff	3e Section Sourcailles	Via	18.45088768	-72.29759216	hti:17aba5bd	0	0	inconnu
Les forces de l'ordre ont déployé au moins 3 drones explosifs contre les membres du GCO Gran Ravin.	3	12/3/2026	Ouest	Port-au-Prince	1re Section Turgeau	Pacot	18.52924156	-72.32738495	hti:1891d73f	0	0	inconnu
Des agents de la PNH ont déployé un drone explosif contre des membres du GCO 5 Segonn lors d'une opération.	1	22/1/2026	Ouest	Port-au-Prince	1re Section Turgeau	Morne à Tuf	18.53154755	-72.33726501	hti:18bdf8b3	0	0	inconnu
Des unités spécialisées de la PNH ont lancé au moins deux drones explosifs en direction de la base du GCO 5 Segonn. Lors de la frappe, aucun coup de feu n’a été entendu dans la zone.	1	31/8/2025	Ouest	Port-au-Prince	3e Section Martissant	Village de Dieu	18.53722954	-72.35466003	hti:19be65d3	0	0	inconnu
Des agents de la PNH ont déployé au moins 4 drones explosifs contre des membres du GCO Gran Ravin.	4	18/2/2026	Ouest	Port-au-Prince	3e Section Martissant	Martissant	18.52736855	-72.35704803	hti:1ac41e30	0	0	inconnu
Des agents de la PNH ont lancé deux drones explosifs en direction des membres du GCO Gran Ravin.	2	14/4/2026	Ouest	Port-au-Prince	1re Section Turgeau	Pacot	18.53175735	-72.3397522	hti:1b3f0efc	0	0	inconnu
Des agents d’une unité spécialisée de la PNH ont fait usage d’au moins deux drones explosifs lors d’une opération ciblée contre les membres du GCO de Grand Ravin.	2	6/1/2026	Ouest	Port-au-Prince	1re Section Turgeau	Bas Peu De Choses	18.53147507	-72.33640289	hti:1bbe09ad	0	0	inconnu
Des agents de la PNH ont lancé au moins quatre drones explosifs contre les membres du GCO Gran Ravin.	4	1/3/2026	Ouest	Port-au-Prince	3e Section Martissant	Martissant	18.52736855	-72.35704803	hti:1cffa97b	0	0	inconnu
Des agents de plusieurs unités spécialisées de la PNH ont attaqué et lancé des drones portant des charges explosives contre la base du GCO Nan Chabon. Des membres de GCO ont été tués mais le nombre n'est pas connu.	2	23/3/2025	Ouest	Port-au-Prince	1re Section Turgeau	La Saline	18.55917168	-72.34253693	hti:1d22227b	0	0	inconnu
Des membres de la PNH ont lancé au moins deux drones explosifs contre la base du GCO 5 segonn.	2	17/11/2025	Ouest	Port-au-Prince	3e Section Martissant	Village de Dieu	18.53722954	-72.35466003	hti:1d6f983d	0	0	inconnu
Des agents de la PNH, provenant de différentes unités spécialisées, ont attaqué la base du GCO 5 Segonn. Ils ont également utilisé des drones chargés d'explosifs contre la base, mais le bilan humain et les dommages matériels de cette opération n'ont pas été rapportés.	2	19/3/2025	Ouest	Port-au-Prince	3e Section Martissant	Village de Dieu	18.53722954	-72.35466003	hti:1f330d05	0	0	inconnu
Des unités spécialisées de la PNH ont lancé au moins deux drones explosifs en direction des membres du GCO Simon Pelé.	2	5/10/2025	Ouest	Delmas	1re Section St Martin	Delmas 19	18.55572891	-72.31098938	hti:200d2163	0	0	inconnu
Des agents d'une unité spécialisée de la PNH ont déployé au moins deux drones explosifs en direction des membres du GCO 5 Segonn.	2	10/1/2026	Ouest	Port-au-Prince	3e Section Martissant	Village de Dieu	18.54009247	-72.35315704	hti:204560ae	0	0	inconnu
Des agents de l’unité spécialisée de la Task Force ont lancé au moins deux drones en direction des membres du GCO 5 Segonn et Gran Ravin.	2	13/10/2025	Ouest	Port-au-Prince	1re Section Turgeau	Bas Peu De Choses	18.53174973	-72.33973694	hti:21b05bf9	0	0	inconnu
Les unités spécialisées de la PNH ont lancé au moins un drone explosif en direction des membres du GCO Gran Ravin lors d'une opération visant à les repousser d'un quartier.	1	12/6/2025	Ouest	Port-au-Prince	3e Section Martissant	Carrefour Feuilles	18.52422714	-72.34825134	hti:21e68037	0	0	inconnu
Des agents d'une unité spécialisée de la PNH ont déployé au moins un drone explosif en direction des membres du GCO 5 Segonn.	1	17/1/2026	Ouest	Port-au-Prince	3e Section Martissant	Village de Dieu	18.53858376	-72.35452271	hti:2343bf9c	0	0	inconnu
Des agents de la PNH ont déployé au moins deux drones explosifs en direction des membres du GCO 5 Segonn, alors que ces derniers tentaient d’installer des barricades sur certains axes routiers.	2	8/4/2026	Ouest	Port-au-Prince	1re Section Turgeau	Morne à Tuf	18.53636169	-72.34591675	hti:236c6f1b	0	0	inconnu
Des membres de la PNH ont lancé au moins 1 drone explosif contre des positions des membres des GCO Gran Ravin.	1	13/3/2026	Ouest	Port-au-Prince	1re Section Turgeau	Centre-Ville	18.53100967	-72.34103394	hti:2559772a	0	0	inconnu
Des unités spécialisées de la PNH ont déployé un drone explosif et frappé la base du GCO 5 Segonn.	1	12/11/2025	Ouest	Port-au-Prince	3e Section Martissant	Village de Dieu	18.53722954	-72.35466003	hti:2575923a	0	0	inconnu
Des agents de la PNH ont lancé au moins un drone explosif en direction des membres du GCO Gran Ravin.	1	5/2/2026	Ouest	Port-au-Prince	3e Section Martissant	2ème Avenue Bolosse	18.52804947	-72.35027313	hti:26996d28	0	0	inconnu
Des membres des forces de l'ordre ont lancé au moins un drone explosif en direction des membres du GCO 5 Segonn.	1	17/11/2025	Ouest	Port-au-Prince	1re Section Turgeau	Bas Peu De Choses	18.53791046	-72.34721375	hti:27bcb599	0	0	inconnu
Des agents de la PNH ont déployé au moins deux drones explosifs contre des membres du GCO Gran Ravin. L’explosion a causé la mort d’au moins deux personnes.	2	9/2/2026	Ouest	Port-au-Prince	3e Section Martissant	Martissant	18.53070831	-72.36125946	hti:28140137	2	0	Connu
Des agents de la PNH ont lancé une opération contre des membres du GCO Gran Ravin en utilisant au moins un drone explosif.	1	26/12/2025	Ouest	Port-au-Prince	1re Section Turgeau	Centre-Ville	18.53401756	-72.33988953	hti:291f3370	0	0	inconnu
Les forces de défense et de sécurité ont déployé au moins huit drones explosifs en direction des positions tenues par les membres du GCO 5 Segonn, dans le cadre d’une opération visant leur base. L’intervention a entraîné la mort d’au moins trois hommes et blessé deux autres parmi la population civile.	8	4/5/2026	Ouest	Port-au-Prince	3e Section Martissant	Village de Dieu	18.53722954	-72.35466003	hti:29378e8f	3	2	Connu
Des membres des forces de l'ordre ont lancé une opération contre des membres du GCO Ravin. Au moins un drone explosif a été utilisé au cours de l'opération.	1	24/3/2026	Ouest	Port-au-Prince	1re Section Turgeau	Bas Peu De Choses	18.53576851	-72.340065	hti:296e512b	0	0	inconnu
Des agents des différentes unités spécialisées de la PNH, venus en renfort d'une brigade de vigilance, ont lancé au moins quatre drones à charge explosive contre des membres du GCO Gran Ravin. Cette intervention visait à repousser les assaillants qui occupaient différents endroits de ce quartier, provoquant la fuite des habitants. Le bilan humain et les dommages matériels de cette attaque n'ont pas été rapportés.	4	26/3/2025	Ouest	Port-au-Prince	3e Section Martissant	Carrefour Feuilles	18.52422714	-72.34825134	hti:2b33ae7c	0	0	inconnu
Des agents des forces de défense et de sécurité ont lancé au moins un drone explosif contre les positions du GCO 5 Segonn.	1	30/4/2026	Ouest	Port-au-Prince	1re Section Turgeau	Centre-Ville	18.53696251	-72.33623505	hti:2b3c4e8e	0	0	inconnu
Dans le cadre d’une opération, des agents d'une unité spécialisée de la PNH ont déployé au moins deux drones explosifs visant la base du GCO Nan Boston.	2	18/12/2025	Ouest	Cité Soleil	2e Section des Varreux	Fontaine	18.59602737	-72.32808685	hti:2c579d41	0	0	inconnu
Des membres de la PNH ont fait usage d'au moins de trois drones explosifs contre des positions des membres de GCO de Grand Ravin au centre-ville.	3	8/5/2025	Ouest	Port-au-Prince	1re Section Turgeau	Port-au-Prince	18.54732704	-72.33959198	hti:2e01a1c8	0	0	inconnu
Des membres des forces de l'ordre ont lancé au moins un drone explosif contre des positions des membres du GCO Gran Ravin.	1	17/2/2026	Ouest	Port-au-Prince	1re Section Turgeau	Centre-Ville	18.53387642	-72.34018707	hti:2e94d018	0	0	inconnu
Des agents de la PNH ont lancé au moins cinq drones contre la base et la résidence du GCO Gran Grif lors d'une intervention. Au moins un membre du GCO a été tué et un autre gravement blessé. La résidence du Chef du GCO a été partiellement endommagée et son véhicule détruit.	5	6/4/2026	Artibonite	Petite Rivière de l'Artibonite	1re Section Bas Coursin I	Savien	19.15326309	-72.53721619	hti:2ee368c9	1	1	Connu
Des unités spécialisées de la PNH ont lancé au moins deux drones explosifs en direction des membres du GCO 5 Segonn.	2	1/1/2026	Ouest	Port-au-Prince	1re Section Turgeau	Port-au-Prince	18.54893112	-72.34342957	hti:2f2dff8a	0	0	inconnu
Des unités spécialisées de la Task Force ont lancé au moins un drone explosif en direction des membres du GCO Bel-Air, dans le cadre d’une opération.	1	9/10/2025	Ouest	Port-au-Prince	1re Section Turgeau	Bel Air	18.55024338	-72.33978271	hti:30811b4c	0	0	inconnu
Sept agents de santé communautaires volontaires ont été piégés pendant plusieurs heures dans un bâtiment scolaire utilisé pour des activités médicales par une ONG internationale, lors d’affrontements entre les membres d’un GCO et la PNH. Des drones explosifs ont été également utilisés à proximité de la structure médicale et de nombreux civils ont été victimes dont un ancien volontaire communautaire avec lequel l’organisation avait collaboré en 2025 qui a succombé à ses blessures devant le portail du bâtiment.	2	6/1/2026	Ouest	Port-au-Prince	1re Section Turgeau	Bel Air	18.55059814	-72.33677673	hti:31eb75d1	1	0	Connu
Des membres des forces de l'ordre ont lancé au moins deux drones explosifs en direction de la résidence du chef du GCO Canaan.	2	29/3/2026	Ouest	Croix-Des-Bouquets	9e Section des Crochus	Canaan	18.67728043	-72.27428436	hti:323ac18a	0	0	inconnu
Des agents de PNH ont lancé au moins un drone explosif contre des membres du GCO 5 Segonn.	1	20/2/2026	Ouest	Port-au-Prince	1re Section Turgeau	Morne à Tuf	18.53596306	-72.33979797	hti:34dcc841	0	0	inconnu
Des agents spécialisés de la PNH ont lancé au moins un drone explosif contre les membres des GCO 5 Segonn.	1	27/12/2025	Ouest	Port-au-Prince	1re Section Turgeau	Centre-Ville	18.5472641	-72.34144592	hti:355de27e	0	0	inconnu
Des agents de la PNH ont utilisé au moins 10 drones explosifs lors d’une opération ciblant les membres du GCO à Bel-Air.	10	12/1/2026	Ouest	Port-au-Prince	1re Section Turgeau	Bel Air	18.54997063	-72.33616638	hti:376bda20	0	0	inconnu
Au moins un drone explosif a été déployés par des membres de la PNH contre les membres du GCO Nan Boston.	1	18/12/2025	Ouest	Cité Soleil	2e Section des Varreux	Fontaine	18.59602737	-72.32808685	hti:387f9f8d	0	0	inconnu
Des agents de la PNH ont déployé au moins un drone explosif lors d’une opération visant des membres du GCO Krache Dife et de Bel-Air. Au moins seize présumés membres du groupe ont été blessés.	1	5/1/2026	Ouest	Port-au-Prince	1re Section Turgeau	Centre-Ville	18.5512619	-72.33972168	hti:39718e0d	0	16	Connu
Des unités de la Task Force ont lancé un drone explosif en direction de membres des GCO Gran Ravin et 5 Segonn, retranchés dans une rue.	1	12/11/2025	Ouest	Port-au-Prince	1re Section Turgeau	Bas Peu De Choses	18.53350449	-72.3385849	hti:39b4e878	0	0	inconnu
Des agents de la PNH ont attaqué et lancé plusieurs drones explosifs contre la base du GCO 5 Segonn. Au moins deux présumés membres du GCO ont été tués et au moins 20 autres blessés, dont quatre femmes. Des dommages matériels ont également été rapportés, avec des maisons détruites.	2	25/5/2025	Ouest	Port-au-Prince	3e Section Martissant	Village de Dieu	18.53722954	-72.35466003	hti:3ab06c53	2	20	Connu
Des unités spécialisées de la PNH ont utilisé un drone explosif contre des membres de GCO au moment du passage d’un véhicule d’une ONG qui évacuait le site de son activité en raison des attaques dans la zone. Aucun blessé n’est à signaler.	1	21/11/2025	Ouest	Port-au-Prince	2e Section des Varreux	La Saline	18.56266022	-72.34101868	hti:3ce99a70	0	0	inconnu
Des forces de défense et de sécurité ont mené une opération dans la base du GCO 5 étoiles, allié de Kokorat san Ras. Au moins un drone a été lancé.	1	13/5/2026	Artibonite	L'Estère	1re Section La Croix Perisse	Mapou	19.33572197	-72.58410645	hti:3df67de0	0	0	inconnu
Des unités spécialisées de la PNH ont lancé des drones explosifs, ciblant les membres du GCO Tibwa lors d’une opération.	2	2/9/2025	Ouest	Carrefour	9e Section Bizoton	Fontamara	18.52700233	-72.37408447	hti:3f4197a4	0	0	inconnu
Des agents de la PNH ont mené une opération en lançant au moins deux drones explosifs en direction des GCO 5 Segonn et Gran Ravin. Au moins 4 membres présumés de GCO blessés et 3 autres tués. Au moins 14 membres de la population civile ont été tués (11 adultes et 2 enfants) et 5 autres blessés (3 adultes et 2 enfants).	2	12/3/2026	Ouest	Port-au-Prince	1re Section Turgeau	Centre-Ville	18.53810883	-72.34468079	hti:401142af	17	9	Connu
Des unités spécialisées de la Task Force ont déployé au moins un drone explosif ciblant les membres des groupes GCO 5 Segonn et Gran Ravin.	1	11/10/2025	Ouest	Port-au-Prince	1re Section Turgeau	Morne à Tuf	18.53587151	-72.33977509	hti:40181cc9	0	0	inconnu
Des unités de la PNH ont lancé un drone explosif et l'explosion de ce dernier à proximité de la base du SWAT a entraîné la mort de 2 membres du SWAT et blessé 7 autres. L'utilisation de ce drone visait les membres du GCO 5 Segonn présents dans la zone.	1	19/8/2025	Ouest	Kenscoff	3e Section Sourcailles	Kenscoff	18.44948387	-72.28664398	hti:40e2b02a	2	7	Connu
Des agents des forces de l’ordre ont mené une opération ciblée contre les membres du GCO Kraze Baryè appuyés par des membres du GCO 400 Mawozo venus en renfort. Au cours de cette opération, les forces de l’ordre ont eu recours à des hélicoptères et au moins 11 des drones explosifs ont été lancés, provoquant un climat de panique au sein de la population.	11	18/12/2025	Ouest	Pétion-Ville	5e Section Bellevue Chardonnière	Pernier	18.52417755	-72.22889709	hti:4313687f	0	0	inconnu
Des agents de la PNH ont lancé au moins trois drones explosifs visant les membres du GCO Nan Chabon lors d'une opération.	3	7/1/2026	Ouest	Port-au-Prince	2e Section des Varreux	La Saline	18.55594444	-72.34490967	hti:44f62642	0	0	inconnu
Des membres de la PNH ont lancé au moins 1 drone explosif contre des positions des membres du GCO et 5 Segonn.	1	13/3/2026	Ouest	Port-au-Prince	1re Section Turgeau	Centre-Ville	18.53741646	-72.3466568	hti:48d86772	0	0	inconnu
Des membres des forces de l'ordre ont lancé au moins un drone explosif en direction des membres du GCO Gran Ravin.	1	7/3/2026	Ouest	Port-au-Prince	1re Section Turgeau	Centre-Ville	18.54841995	-72.34177399	hti:4a79ddb2	0	0	inconnu
Les membres de la PNH ont fait usage d'au moins un drone explosif contre les positions des membres du GCO Simon Pele.	1	16/11/2025	Ouest	Delmas	1re Section St Martin	Village Solidarité	18.5621891	-72.32131195	hti:4b47fbcb	0	0	inconnu
Des agents de la PNH ont déployé au moins deux drones explosifs contre des membres du GCO 5 Segonn lors d'une opération.	2	19/3/2026	Ouest	Port-au-Prince	3e Section Martissant	2ème Avenue Bolosse	18.53230858	-72.34866333	hti:4b8dff01	0	0	inconnu
Des agents de différentes unités spécialisées de la PNH ont lancé au moins trois drones à charge explosive contre la base du GCO de Bel-Air, provoquant la destruction de plusieurs habitations. Au moins 49 personnes sont blessées.	3	14/1/2026	Ouest	Port-au-Prince	1re Section Turgeau	Bel Air	18.55067635	-72.33673096	hti:4b9a578a	0	49	Connu
Des membres des forces de défense et de sécurité ont lancé au moins deux drones explosifs en direction des membres du GCO 5 Segonn.	2	20/4/2026	Ouest	Port-au-Prince	1re Section Turgeau	Port-au-Prince	18.5367012	-72.34643555	hti:4d85f6cb	0	0	inconnu
Des agents d'une unité spécialisée de la PNH ont déployé un drone explosif visant les membres du GCO Gran Ravin.	1	28/12/2025	Ouest	Port-au-Prince	1re Section Turgeau	Morne à Tuf	18.53209305	-72.34026337	hti:4de60c2d	0	0	inconnu
Des unités spécialisées de la PNH ont déployé au moins un drone explosif contre des membres du GCO de Grand Ravin.	1	29/12/2025	Ouest	Port-au-Prince	1re Section Turgeau	Centre-Ville	18.53288078	-72.34468842	hti:4e7e53ba	0	0	inconnu
Des unités spécialisées de la PNH en appui des unités au sol ont utilisé des drones explosifs contre des membres du GCO 5 Segonn retranchés dans des zones difficiles d’accès.	2	24/7/2025	Ouest	Kenscoff	3e Section Sourcailles	Via	18.45088768	-72.29759216	hti:4ea52cd7	0	0	inconnu
Des agents de la Task Force ont déployé au moins un drone explosif en direction des membres du GCO 5 Segonn, à la suite d’échanges de tirs survenus dans la matinée.	1	20/10/2025	Ouest	Port-au-Prince	1re Section Turgeau	Pacot	18.52924156	-72.32738495	hti:5024aef5	0	0	inconnu
Des agents de la PNH ont lancé au moins deux drones explosifs contre les membres du GCO 5 Segonn et Grand Ravin.	2	2/3/2026	Ouest	Port-au-Prince	1re Section Turgeau	Morne à Tuf	18.53632164	-72.34655762	hti:50427357	0	0	inconnu
Des agents de la PNH ont lancé au moins un drone explosif ciblant des membres du GCO 5 Segonn.	1	20/2/2026	Ouest	Port-au-Prince	3e Section Martissant	Village de Dieu	18.53722954	-72.35466003	hti:50e6da5b	0	0	inconnu
Des membres de la PNH ont lancé au moins deux drones explosifs dans la zone contre des membres du GCO Gran Ravin en mouvement.	2	17/11/2025	Ouest	Port-au-Prince	1re Section Turgeau	Pacot	18.52924156	-72.32738495	hti:522635f7	0	0	inconnu
Des agents de la PNH ont déployé au moins un drone explosif en direction de la base du GCO 5 segonn, dans le cadre d’une opération.	1	8/2/2026	Ouest	Port-au-Prince	3e Section Martissant	Martissant	18.52641106	-72.35604095	hti:5396b7cd	0	0	inconnu
Des unités spécialisées de la Task Force ont lancé un drone explosif en direction des membres du GCO Gran Ravin.	1	8/10/2025	Ouest	Port-au-Prince	1re Section Turgeau	Avenue Christophe	18.53081512	-72.33481598	hti:547fd44b	0	0	inconnu
Des agents d'une unité spécialisée de la PNH ont déployé au moins trois drones explosifs visant la base du GCO 5 Segonn, dans le cadre d’une opération.	3	10/11/2025	Ouest	Port-au-Prince	3e Section Martissant	Village de Dieu	18.53722954	-72.35466003	hti:54bcecab	0	0	inconnu
Des agents de la PNH ont déployé au moins quatre drones explosifs contre les membres du GCO 5 Segonn et Gran Ravin lors d'une opération.	4	12/1/2026	Ouest	Port-au-Prince	1re Section Turgeau	Morne à Tuf	18.53861237	-72.34758759	hti:56265b75	0	0	inconnu
Des agents de la PNH ont ouvert le feu contre des membres du GCO Gran Ravin. Au moins 5 drones ont été lancés dans la zone. Au moins 7 membres du GCO ont été blessés et 9 autres tués.	5	11/8/2025	Ouest	Port-au-Prince	1re Section Turgeau	Carrefour-Feuilles	18.5256958	-72.34008026	hti:56b5c328	9	7	Connu
Des unités spécialisées de la PNH ont procédé à une frappe ciblée à l’aide de drones explosifs contre des membres du GCO, dont 5 Segonn. L’opération visait à déloger ces individus retranchés dans des habitations abandonnées, utilisées comme postes de repli tactique.	2	3/8/2025	Ouest	Port-au-Prince	1re Section Turgeau	Bas Peu De Choses	18.53350449	-72.3385849	hti:57210f82	0	0	inconnu
Des agents de la Police nationale d’Haïti ont attaqué des membres du GCO Grand Ravin, utilisant au moins un drone explosif lors de l’opération menée dans la zone.	1	29/12/2025	Ouest	Port-au-Prince	1re Section Turgeau	Centre-Ville	18.5340271	-72.33987427	hti:57cf7fe1	0	0	inconnu
Des agents de la PNH ont déployé au moins un drone explosif dans le cadre d’une opération ciblant des membres du GCO 5 Segonn.	1	21/2/2026	Ouest	Port-au-Prince	1re Section Turgeau	Morne à Tuf	18.53598404	-72.33984375	hti:58088be5	0	0	inconnu
Des agents spécialisés de la PNH ont tiré plusieurs drones explosifs en direction de la base du GCO 5 Segonn.	2	10/6/2025	Ouest	Port-au-Prince	3e Section Martissant	Village de Dieu	18.53722954	-72.35466003	hti:587460b2	0	0	inconnu
Des agents de la PNH ont déployé au moins un drone explosif contre les membres du GCO Gran Ravin, qui étaient retranchés dans des habitations abandonnées.	1	19/2/2026	Ouest	Port-au-Prince	1re Section Turgeau	Bas Peu De Choses	18.53206825	-72.34104919	hti:597f8d6b	0	0	inconnu
Des unités spécialisées de la PNH ont frappé la base du GCO 5 Segonn à l’aide de drones explosifs, ciblant ses membres.	2	2/9/2025	Ouest	Port-au-Prince	3e Section Martissant	Village de Dieu	18.53722954	-72.35466003	hti:5a0759c0	0	0	inconnu
Des unités de la PNH ont lancé plusieurs drones explosifs en direction d’une base du GCO Gran Ravin.	2	7/8/2025	Ouest	Port-au-Prince	3e Section Martissant	Fort-Mercredi	18.52661896	-72.35037994	hti:5acb5ac4	0	0	inconnu
Des membres de la PNH ont lancé au moins un drone explosif en direction des membres du GCO Bel Air.	1	21/11/2025	Ouest	Port-au-Prince	1re Section Turgeau	Saint-Martin	18.55163765	-72.33282471	hti:5d08bfcd	0	0	inconnu
Des agents de la PNH ont lancé au moins huit drones contre la base du GCO Gran Ravin.	8	10/6/2025	Ouest	Port-au-Prince	3e Section Martissant	Grand Ravine	18.52639771	-72.35605621	hti:5dcf10dc	6	0	Connu
Des membres des forces de l'ordre ont lancé au moins un drone explosif en direction des membres du GCO Gran Ravin.	1	24/3/2026	Ouest	Port-au-Prince	1re Section Turgeau	Pacot	18.52924156	-72.32738495	hti:5f2ce69b	0	0	inconnu
Des agents de différentes unités spécialisées de la PNH ont tiré et utilisé des drones explosifs sur des membres du GCO Gran Ravin lors d'une opération visant à les repousser d'un quartier qu'ils avaient pris d'assaut depuis plus de deux mois.	2	12/6/2025	Ouest	Port-au-Prince	1re Section Turgeau	Pacot	18.53200531	-72.3331604	hti:61477202	0	0	inconnu
Des forces de défense et de sécurité ont lancé au moins six drones explosifs en direction des membres du GCO 5 Segonn lors d’une opération.	6	9/5/2026	Ouest	Port-au-Prince	3e Section Martissant	Village de Dieu	18.53722954	-72.35466003	hti:61e01b64	0	0	inconnu
Des agents de la PNH ont lancé au moins un drone explosif ciblant des membres du GCO 5 Segonn.	1	4/2/2026	Ouest	Port-au-Prince	1re Section Turgeau	Morne à Tuf	18.54015923	-72.3460083	hti:6282a5db	0	0	inconnu
Des unités spécialisées de la Task Force ont lancé un drone explosif ciblant des membres, qui a failli atteindre des civils se trouvant à proximité.	1	8/10/2025	Ouest	Port-au-Prince	2e Section Morne l'Hopital	Ti Savanne -Trantin	18.52147675	-72.32920074	hti:63c5195e	0	0	inconnu
Des agents de la PNH ont utilisé un drone à charge explosive et ont ouvert le feu pour repousser les membres du GCO qui avaient occupé un quartier depuis plus d'un mois, mais le bilan de cette opération n'a pas été rapporté.	1	19/3/2025	Ouest	Delmas	1re Section St Martin	Delmas 30	18.54974365	-72.31231689	hti:64e1daaa	0	0	inconnu
Des agents des forces de l’ordre ont lancé au moins un drone explosif en direction des membres du GCO Gran Ravin, alors qu’aucun tir n’a été entendu dans la zone.	1	9/4/2026	Ouest	Port-au-Prince	1re Section Turgeau	Carrefour-Feuilles	18.52420616	-72.34041595	hti:65ce12d9	0	0	inconnu
Des membres des forces de défense et de sécurité ont lancé au moins trois drones explosifs en direction des membres du GCO Gran Ravin au cours d'une opération. Les tirs d’affrontements ont duré au moins une trentaine de minutes.	3	19/4/2026	Ouest	Port-au-Prince	1re Section Turgeau	Bas Peu De Choses	18.53206062	-72.34088135	hti:66486cbf	0	0	inconnu
Des agents de la PNH ont déployé au moins un drone explosif visant des membres du GCO 5 Segonn lors d'une opération.	1	18/1/2026	Ouest	Port-au-Prince	1re Section Turgeau	Centre-Ville	18.53580475	-72.33976746	hti:66c9cf19	0	0	inconnu
Des agents de la PNH ont utilisé au moins cinq drones explosifs au cours d’une opération contre les membres du GCO 5 Segonn.	5	23/1/2026	Ouest	Port-au-Prince	1re Section Turgeau	Morne à Tuf	18.53574562	-72.33963013	hti:66e56d0a	0	0	inconnu
Des unités de la PNH ont lancé deux drones explosifs ciblant les membres du GCO Gran Ravin et 5 Segonn.	2	3/9/2025	Ouest	Port-au-Prince	1re Section Turgeau	Bas Peu De Choses	18.53350449	-72.3385849	hti:67ab7afc	0	0	inconnu
Des unités spécialisées de la PNH ont utiliser au moins un drone explosif contre des membres du GCO Grand Ravin.	1	29/12/2025	Ouest	Port-au-Prince	1re Section Turgeau	Centre-Ville	18.53580475	-72.33976746	hti:67c836ef	0	0	inconnu
Des agents de la PNH ont attaqué en lançant au moins quatre drones explosifs en direction des membres du GCO Gran Ravin.	4	6/5/2025	Ouest	Port-au-Prince	1re Section Turgeau	Pacot	18.52924156	-72.32738495	hti:67f22b35	0	0	inconnu
Des membres des forces de l'ordre ont lancé au moins un drone explosif en direction des membres du GCO Gran Ravin qui se déplaçait dans un marché public.	1	11/3/2026	Ouest	Port-au-Prince	1re Section Turgeau	Centre-Ville	18.53580475	-72.33976746	hti:68f2ecc7	0	0	inconnu
Des membres des forces de l'ordre ont lancé au moins un drone explosif contre des positions des membres du GCO Gran Ravin.	1	17/2/2026	Ouest	Port-au-Prince	1re Section Turgeau	Pacot	18.52924156	-72.32738495	hti:691fdfaa	0	0	inconnu
 Des agents de la PNH ont déployé au moins un drone explosif contre des membres du GCO 5 Segonn. .	1	5/3/2026	Ouest	Port-au-Prince	1re Section Turgeau	Morne à Tuf	18.5348587	-72.34534454	hti:693b4bbc	0	0	inconnu
Des agents de la PNH ont à nouveau lancé au moins six drones explosifs et ont ouvert le feu en direction de la base du GCO 5 Segonn. Ces derniers, avant de prendre la fuite, ont riposté pendant plusieurs heures.	6	14/4/2025	Ouest	Port-au-Prince	3e Section Martissant	Village de Dieu	18.53722954	-72.35466003	hti:6960d0ea	0	0	inconnu
Des agents de la PNH ont lancé au moins deux drones lors d'une opération contre les positions du GCO 5 Segonn.	2	4/4/2026	Ouest	Port-au-Prince	1re Section Turgeau	Centre-Ville	18.54871368	-72.34347534	hti:6aac67a5	0	0	inconnu
Des agents de la PNH ont utilisé des drones porteurs de charges explosives lors d'une attaque dans la zone. Au moins trois membres de 5 Segonn ont été tués. Les assaillants ont opéré des tirs de riposte. Le nombre de personnes blessées n'est pas encore connu. Des maisons ont été partiellement détruites.	2	7/3/2025	Ouest	Port-au-Prince	3e Section Martissant	Village de Dieu	18.53722954	-72.35466003	hti:6af6ec4e	3	0	Connu
Les forces de défense et de sécurité ont ouvert le feu avant de lancer au moins trois drones explosifs contre les positions du GCO 5 Segonn.	3	14/5/2026	Ouest	Port-au-Prince	3e Section Martissant	Village de Dieu	18.53722954	-72.35466003	hti:6afdf0ed	0	0	inconnu
Des unités spécialisées de la PNH ont mené une attaque à l’aide de drones explosifs contre des membres du GCO 5 Segonn retranchés dans les montagnes.	2	22/7/2025	Ouest	Kenscoff	3e Section Sourcailles	Godet	18.44772911	-72.30667877	hti:6b05aff5	0	0	inconnu
Des agents de plusieurs unités spécialisées de la PNH ont tiré des drones explosifs contre la base du GCO 5 Segonn.	2	6/5/2025	Ouest	Port-au-Prince	3e Section Martissant	Village de Dieu	18.53722954	-72.35466003	hti:6bb33cc6	0	0	inconnu
Des membres de la PNH ont ont lancé au moins un drone explosif contre des membres du GCO de Gran Ravin.	1	10/1/2026	Ouest	Port-au-Prince	1re Section Turgeau	Centre-Ville	18.54731369	-72.34347534	hti:6c021369	0	0	inconnu
Des agents de la PNH ont déployé au moins deux drones explosifs contre des membres des GCO Gran Ravin et 5 Segonn.	2	5/1/2026	Ouest	Port-au-Prince	1re Section Turgeau	Bas Peu De Choses	18.53350449	-72.3385849	hti:6c6ab36f	0	0	inconnu
Des agents de la PNH ont déployé au moins cinq drones explosifs, ciblant les membres du GCO 5 Segonn.	5	2/3/2026	Ouest	Port-au-Prince	3e Section Martissant	Village de Dieu	18.53722954	-72.35466003	hti:6fde0f36	0	0	inconnu
Des agents de la PNH ont déployé au moins cinq drones explosifs contre des membres de GCO Gran Ravin et 5 Segonn lors d’une opération.	5	7/12/2025	Ouest	Port-au-Prince	1re Section Turgeau	Centre-Ville	18.54841995	-72.34177399	hti:75454b92	0	0	inconnu
Des agents des unités spécialisées de la PNH ont utilisé au moins un drone explosif contre des membres des GCO Gran Ravin lors d'une opération.	1	15/12/2025	Ouest	Port-au-Prince	1re Section Turgeau	Champs de Mars	18.53863716	-72.34761047	hti:776ca309	0	0	inconnu
Des unités spécialisées de la PNH ont lancé au moins deux drones explosifs contre des membres du GCO 5 Segonn.	2	14/8/2025	Ouest	Port-au-Prince	1re Section Turgeau	Bas Peu De Choses	18.53350449	-72.3385849	hti:77a5081f	0	0	inconnu
Des agents des unités spécialisées de la PNH ont déployé au moins un drone explosif contre des membres des GCO Gran Ravin et 5 Segonn lors d'une opération.	1	15/12/2025	Ouest	Port-au-Prince	1re Section Turgeau	Bas Peu De Choses	18.53369331	-72.33951569	hti:78a7df77	0	0	inconnu
Des agents des unités spécialisées de la PNH ont utilisé au moins un drone explosif contre des membres du GCO de Ti Bwa lors d'une opération.	1	18/12/2025	Ouest	Carrefour	9e Section Bizoton	Fontamara	18.52700233	-72.37408447	hti:7983aed1	0	0	inconnu
Des agents de la PNH ont lancé au moins deux drones explosifs en direction des membres du GCO 5 Segonn lors d'une opération.	2	8/3/2026	Ouest	Port-au-Prince	1re Section Turgeau	Bas Peu De Choses	18.53164673	-72.33939362	hti:7a245fca	0	0	inconnu
Des agents de la PNH ont utilisé des drones porteurs de charges explosives lors d'une opération. Au moins deux membres de G9 ont été abattus. Les membres du GCO ont opéré des tirs de riposte. Des maisons ont été partiellement détruites.	2	7/3/2025	Ouest	Delmas	1re Section St Martin	Delmas 6	18.55784607	-72.3303299	hti:7a8f6def	2	0	Connu
Des agents de différentes unités spécialisées de la PNH ont lancé au moins quatre drones explosifs contre les positions des membres d'une coalition de GCO, dont 5 Segonn.	4	1/5/2025	Ouest	Kenscoff	3e Section Sourcailles	Via	18.45088768	-72.29759216	hti:7adce29b	0	0	inconnu
Des agents de la PNH ont lancé un drone explosif en direction des membres du GCO 5 Segonn. L’engin a explosé sur une camionnette et une motocyclette, causant la mort d’au moins quatre civils. Des dommages matériels ont également été enregistrés.	1	6/9/2025	Ouest	Port-au-Prince	1re Section Turgeau	Bas Peu De Choses	18.53350449	-72.3385849	hti:7affee97	4	0	Connu
Des forces de défense et de sécurité ont lancé un drone explosif contre les membres du GCO Gran Grif.	1	6/5/2026	Artibonite	Petite Rivière de l'Artibonite	1re Section Bas Coursin I	Savien	19.15326309	-72.53721619	hti:7c1161a8	0	0	inconnu
Des unités spécialisées de la Task Force ont déployé au moins deux drones explosifs pour cibler les membres du GCO Gran 5 Segonn retranchés dans une zone montagneuse. Au moins un membre du GCO et deux civils ont été tués lors de l’explosion.	2	5/11/2025	Ouest	Pétion-Ville	3e Section Etang du Jonc	Laboule 12	18.49695587	-72.32157135	hti:7c3fec37	3	0	Connu
Des agents de la PNH ont lancé au moins deux drones explosifs sur des membres du GCO 5 Segonn et de Gran Ravin.	2	28/8/2025	Ouest	Port-au-Prince	1re Section Turgeau	Bas Peu De Choses	18.53350449	-72.3385849	hti:7c8e158a	0	0	inconnu
Des agents de la PNH ont lancé deux drones explosifs contre des membres du GCO Gran Ravin.	2	9/3/2026	Ouest	Port-au-Prince	1re Section Turgeau	Pacot	18.53021431	-72.33348846	hti:7cb41b75	0	0	inconnu
Des agents spécialisés de la PNH ont mené une opération ciblée contre le GCO de Gran Ravin. Lors de cette opération, ils ont fait usage d’au moins six drones explosifs.	6	24/1/2026	Ouest	Port-au-Prince	1re Section Turgeau	Centre-Ville	18.54841995	-72.34177399	hti:7cbdb79e	0	0	inconnu
Des agents de la PNH ont lancé plusieurs drones explosifs lors d'une intervention visant à repousser les membres du GCO Simon Pelé.	2	13/5/2025	Ouest	Delmas	1re Section St Martin	Delmas 19	18.55572891	-72.31098938	hti:7ccdbe6f	0	0	inconnu
Des membres de la PNH ont mené une opération contre la base du GCO Gran Ravin. Des drones porteurs de charges explosives ont été utilisés, les mettant en fuite.	2	19/3/2025	Ouest	Port-au-Prince	3e Section Martissant	Grand Ravine	18.52639771	-72.35605621	hti:7d3783cd	0	0	inconnu
Des membres des forces de l'ordre ont lancé au moins deux drones explosifs contre des des membres du GCO Gran Ravin en mouvement dans la zone.	2	19/11/2025	Ouest	Port-au-Prince	1re Section Turgeau	Pacot	18.52924156	-72.32738495	hti:7e4e3585	0	0	inconnu
Des agents de la PNH ont déployé au moins un drone explosif contre des membres du GCO Gran Ravin, retranchés dans des habitations abandonnées.	1	14/12/2025	Ouest	Port-au-Prince	1re Section Turgeau	Pacot	18.53313828	-72.33289337	hti:7f3fb4a3	0	0	inconnu
Des unités de la PNH ont utilisé un drone explosif pour frapper des membres du GCO Gran Ravin retranchés dans des zones montagneuses.	1	31/7/2025	Ouest	Port-au-Prince	3e Section Martissant	Carrefour Feuilles	18.52422714	-72.34825134	hti:80532ea6	0	0	inconnu
Des agents de la PNH ont lancé au moins un drone explosif contre des membres du GCO 5 Segonn, au cours d’une opération visant à les déloger de plusieurs habitations abandonnées.	1	18/1/2026	Ouest	Port-au-Prince	1re Section Turgeau	Morne à Tuf	18.53569794	-72.33946991	hti:8296994a	0	0	inconnu
Des agents de la PNH ont fait usage de quatres drones explosifs lors d'une opération. Au moins seize membres du GCO 5 Segonn ont été tué. Des maisons ont été totalement détruites.	4	21/2/2026	Ouest	Kenscoff	3e Section Sourcailles	Godet	18.4478035	-72.3066864	hti:83a23e0c	16	0	Connu
Des agents de la PNH ont lancé au moins un drone explosif contre des membres du GCO 5 Segonn.	1	18/2/2026	Ouest	Port-au-Prince	3e Section Martissant	Village de Dieu	18.53722954	-72.35466003	hti:84899ca1	0	0	inconnu
Des forces de défense et de sécurité ont déployé au moins un drone explosif en direction des membres du GCO Gran Ravin. L’explosion a fait au moins deux morts parmi eux.	1	5/5/2026	Ouest	Port-au-Prince	1re Section Turgeau	Fouchard	18.52916145	-72.34677124	hti:85ddc072	2	0	Connu
Des membres des forces de l'ordre ont lancé au moins un drone explosif en direction des membres du GCO Gran Ravin à l'occasion d'une fête qu'ils ont organisée Des tirs ont été entendus dans le quartier après l'explosion.	1	6/3/2026	Ouest	Port-au-Prince	3e Section Martissant	Martissant	18.52736855	-72.35704803	hti:85df582e	0	0	inconnu
Des agents de la PNH ont déployé au moins quatre drones explosifs en direction des membres du GCO Tibwa.	4	1/3/2026	Ouest	Carrefour	9e Section Bizoton	Fontamara	18.52700233	-72.37408447	hti:8635cdf3	0	0	inconnu
Des unités spécialisées de la PNH ont lancé au moins deux drones explosifs ciblant des membres du GCO Gran Ravin.	2	25/9/2025	Ouest	Port-au-Prince	1re Section Turgeau	Pacot	18.52924156	-72.32738495	hti:86530761	0	0	inconnu
Des agents de la PNH ont lancé au moins un drone explosif en direction des membres du GCO Gran Ravin.	1	8/2/2026	Ouest	Port-au-Prince	1re Section Turgeau	Bolosse	18.53055382	-72.35027313	hti:88a6ce90	0	0	inconnu
Des membres de la PNH ont lancé au moins un drone explosif en direction des membres du GCO 400 Mawozo.	1	16/11/2025	Ouest	Croix-Des-Bouquets	3e Section Petit Bois	Marassa	18.58221626	-72.24114227	hti:8abfb47d	0	0	inconnu
Des membres de la PNH ont lancé au moins un drone explosif en direction des membres de GCO Canaan.	1	14/11/2025	Ouest	Croix-Des-Bouquets	2e Section des Varreux	Daspinosse	18.66323471	-72.18347931	hti:8aeded3c	0	0	inconnu
Des agents de la PNH ont fait usage de drones porteurs de charges explosives lors d'une opération dans la zone. Au moins un membre du GCO de Bel-Air a été tué. Les membres du GCO ont opéré des tirs de riposte. Des maisons ont été partiellement détruites.	2	7/3/2025	Ouest	Port-au-Prince	1re Section Turgeau	Bel Air	18.54997063	-72.33616638	hti:8b5f5e5b	1	0	Connu
Des agents de la Task Force ont déployé au moins un drone explosif en direction des membres du GCO 5 Segonn, à la suite d’échanges de tirs intenses survenus lors d’une opération.	1	10/10/2025	Ouest	Port-au-Prince	1re Section Turgeau	Bas Peu De Choses	18.53286171	-72.33731842	hti:8b9bca45	0	0	inconnu
Des unités spécialisées de la Task Force ont déployé au moins un drone explosif ciblant les membres des GCO 5 Segonn et Gran Ravin lors d'une opération.	1	4/11/2025	Ouest	Port-au-Prince	1re Section Turgeau	Morne à Tuf	18.53297234	-72.34607697	hti:8caecc6e	0	0	inconnu
Des agents de la PNH ont déployé au moins deux drones explosifs contre les positions du GCO 5 Segonn.	2	15/2/2026	Ouest	Port-au-Prince	1re Section Turgeau	Morne à Tuf	18.53581238	-72.33950806	hti:8cb58876	0	0	inconnu
Des forces de défense et de sécurité ont lancé un drone explosif contre les membres du GCO Gran Grif.	1	7/5/2026	Artibonite	Petite Rivière de l'Artibonite	1re Section Bas Coursin I	Legriel	19.17676163	-72.55314636	hti:8d13ed9e	0	0	inconnu
Des agents de la PNH déployés à bord de véhicules blindés ont lancé au moins deux drones explosifs en direction des membres du GCO Gran Ravin qui avançaient vers un quartier.	2	29/4/2025	Ouest	Port-au-Prince	1re Section Turgeau	Pacot	18.53456306	-72.32989502	hti:8d520c07	0	0	inconnu
Des agents de plusieurs unités spécialisées de la PNH ont mené une attaque contre la base du GCO 5 Segonn. Utilisant un drone explosif, ils ont blessé le chef de ce groupe alors qu'il organisait des activités carnavalesques.	1	2/3/2025	Ouest	Port-au-Prince	3e Section Martissant	Village de Dieu	18.53722954	-72.35466003	hti:8e1897c8	0	1	Connu
Des agents de l’unité spécialisée Task Force ont lancé au moins deux drones explosifs ciblant les membres du GCO Gran Ravin.	2	12/10/2025	Ouest	Port-au-Prince	3e Section Martissant	Carrefour Feuilles	18.52422714	-72.34825134	hti:8ee7a6dc	0	0	inconnu
Des unités de la PNH ont déployé au moins deux drones explosifs contre les membres des GCO de Gran Ravin.	2	15/1/2026	Ouest	Port-au-Prince	1re Section Turgeau	Centre-Ville	18.53581047	-72.33976746	hti:90e9030e	0	0	inconnu
Des membres des forces de défense et de sécurité ont lancé au moins deux drones explosifs en direction des membres du GCO 5 Segonn.	2	21/4/2026	Ouest	Port-au-Prince	1re Section Turgeau	Bas Peu De Choses	18.5309124	-72.34104919	hti:92ccac57	0	0	inconnu
Des agents spécialisés de la PNH ont utilisé au moins un drone explosif contre les membres du GCO 5 Segonn lors d'une opération.	1	16/12/2025	Ouest	Port-au-Prince	1re Section Turgeau	Morne à Tuf	18.53674316	-72.3407135	hti:944db1d4	0	0	inconnu
Des agents de la PNH ont lancé au moins 1 drone explosif en direction de la base du GCO Gran Ravin.	1	15/8/2025	Ouest	Port-au-Prince	3e Section Martissant	Grand Ravine	18.52639771	-72.35605621	hti:960a23a5	0	0	inconnu
Des membres des forces de défense et de sécurité ont lancé au moins un drone explosif contre des membres du GCO Gran Ravin lors d'une opération.	1	27/4/2026	Ouest	Port-au-Prince	1re Section Turgeau	Centre-Ville	18.53739738	-72.3449173	hti:9947c799	0	0	inconnu
Des agents spécialisés de la PNH ont déployé des drones explosifs contre des membres de GCO, dont 5 Segonn, lors d’une opération visant à reprendre le contrôle d’une localité.	2	13/7/2025	Ouest	Kenscoff	3e Section Sourcailles	Godet	18.44772911	-72.30667877	hti:997e92c2	0	0	inconnu
Des agents de la PNH ont lancé au moins deux drones explosifs ciblant la base du GCO 5 Segonn.	2	8/9/2025	Ouest	Port-au-Prince	3e Section Martissant	Village de Dieu	18.53722954	-72.35466003	hti:9b7c1021	0	0	inconnu
Des membres des forces de l'ordre ont déployé au moins deux drones explosifs contre des membres du GCO 5 Segonn.	2	31/12/2025	Ouest	Cabaret	3e Section Source Matelas	Lafiteau	18.69059944	-72.35199738	hti:9c6afb1a	0	0	inconnu
Des agents de la PNH ont lancé au moins un drone explosif contre la base du GCO 5 Segonn.	1	20/5/2025	Ouest	Port-au-Prince	3e Section Martissant	Village de Dieu	18.53722954	-72.35466003	hti:9cbef6fe	0	0	inconnu
Des agents de la PNH ont déployé au moins deux drones explosifs lors d’une opération contre les membres du GCO Delmas 6.	2	6/1/2026	Ouest	Delmas	1re Section St Martin	Delmas 6	18.55784607	-72.3303299	hti:a24ba546	0	0	inconnu
Des agents de la PNH ont déployé au moins un drone explosif lors d'une opération contre les positions du GCO 5 Segonn.	1	21/3/2026	Ouest	Port-au-Prince	1re Section Turgeau	Centre-Ville	18.54841995	-72.34177399	hti:a3ead20c	0	0	inconnu
Des agents spécialisés de la PNH ont lancé au moins cinq drones explosifs contre la base du GCO Kraze Baryè lors d'une intervention.	5	22/5/2025	Ouest	Pétion-Ville	5e Section Bellevue Chardonnière	Pernier	18.51743889	-72.23699188	hti:a52639c0	0	0	inconnu
Des membres des forces de l'ordre ont fait au moins usage d'un drone explosif, ciblant ainsi les membres du GCO 5 Segonn.	1	17/11/2025	Ouest	Port-au-Prince	1re Section Turgeau	Bas Peu De Choses	18.53409386	-72.34116364	hti:a53b3e97	0	0	inconnu
Des unités spécialisées de la PNH ont lancé une offensive et déployé au moins deux drones explosifs ciblant des membres du GCO de 5 Segonn.	2	26/1/2026	Ouest	Port-au-Prince	1re Section Turgeau	Morne à Tuf	18.53580475	-72.33976746	hti:a5b1bdb6	0	0	inconnu
Des unités spécialisées de la PNH ont utilisé des drones explosifs pour frapper des membres de GCO, incluant 5 Segonn, au cours d’une intervention destinée à les déloger d’une localité.	2	15/7/2025	Ouest	Kenscoff	3e Section Sourcailles	Godet	18.44772911	-72.30667877	hti:a66cfee3	0	0	inconnu
Des agents de la PNH ont lancé au moins deux drones explosifs contre des membres du GCO Gran Ravin.	2	28/4/2025	Ouest	Port-au-Prince	1re Section Turgeau	Pacot	18.52995682	-72.32798767	hti:a7f8a0da	0	0	inconnu
Des agents de la PNH ont lancé des drones explosifs pour repousser les membres de la coalition du GCO Viv Ansanm, dont 5 Segonn.	2	10/5/2025	Ouest	Kenscoff	3e Section Sourcailles	Furcy	18.41867828	-72.30337524	hti:a828447c	0	0	inconnu
Des agents de la PNH ont lancé au moins 4 drones explosifs contre les membres du GCO 400 Mawozo, lors d'une opération.	4	27/2/2026	Ouest	Croix-Des-Bouquets	2e Section des Varreux	Croix-des-Bouquets	18.57754326	-72.22962189	hti:a8a87737	0	0	inconnu
Des agents de la PNH ont lancé au moins deux drones explosifs au cours d’une opération ciblée contre les membres des GCO 5 Segonn et ceux de Gran Ravin.	2	27/12/2025	Ouest	Port-au-Prince	1re Section Turgeau	Centre-Ville	18.54841995	-72.34177399	hti:a8f672c5	0	0	inconnu
Des unités de la PNH ont déployé plusieurs drones explosifs pour frapper des membres du GCO Gran Ravin. Ces derniers, en repli vers des zones difficilement accessibles, ont été ciblés par les forces de l’ordre qui ont lancé les drones depuis leurs positions dans le but de les atteindre.	2	7/8/2025	Ouest	Port-au-Prince	1re Section Turgeau	Pacot	18.52924156	-72.32738495	hti:ab1695d9	0	0	inconnu
Des unités de la PNH ont utilisé au moins un drone explosif pour cibler des membres du GCO de Gran Ravin.	1	15/1/2026	Ouest	Port-au-Prince	1re Section Turgeau	Bas Peu De Choses	18.54319382	-72.34487915	hti:ac38a148	0	0	inconnu
Des unités spécialisées de la PNH ont frappé la base du GCO 5 Segonn à l’aide d’un drone explosif. Le nombre exact de victimes ainsi que l’ampleur des dommages matériels reste imprécis.	1	24/8/2025	Ouest	Port-au-Prince	3e Section Martissant	Village de Dieu	18.53722954	-72.35466003	hti:ac654fbf	0	0	inconnu
Des agents de la PNH ont déployé au moins un drone explosif lors de leurs offensives contre les membres du GCO 5 Segonn, retranchés dans des habitations.	1	26/1/2026	Ouest	Port-au-Prince	1re Section Turgeau	Morne à Tuf	18.54212761	-72.34525299	hti:b0d7faa1	0	0	inconnu
Des unités spécialisées de la PNH ont mené une frappe contre la base du GCO Gran Ravin à l’aide de drones explosifs.	1	31/8/2025	Ouest	Port-au-Prince	3e Section Martissant	Fort-Mercredi	18.52661896	-72.35037994	hti:b1224e21	0	0	inconnu
Des membres des forces de l'ordre ont déployé au moins un drone explosif en direction des membres du GCO Gran Ravin en début de soirée.	1	25/3/2026	Ouest	Port-au-Prince	1re Section Turgeau	Pacot	18.52924156	-72.32738495	hti:b1529b3f	0	0	inconnu
Des agents de la Police nationale d’Haïti ont lancé au moins 4 drones en direction du GCO 5 Segonn dans la zone.	4	15/7/2025	Ouest	Kenscoff	3e Section Sourcailles	Via	18.45088768	-72.29759216	hti:b16d7dc3	0	0	inconnu
Des unités spécialisées de la PNH ont lancé au moins deux drones explosifs visant des membres du GCO 5 Segonn et de Gran Ravin.	2	31/8/2025	Ouest	Port-au-Prince	1re Section Turgeau	Morne à Tuf	18.53879738	-72.34369659	hti:b1b1b7a7	0	0	inconnu
Des unités spécialisées de la PNH ont lancé au moins un drone explosif ciblant la base du GCO Gran Ravin.	1	24/8/2025	Ouest	Port-au-Prince	3e Section Martissant	Fort-Mercredi	18.52661896	-72.35037994	hti:b3263170	0	0	inconnu
Des unités spécialisées des forces de l'ordres ont déployé au moins trois drones explosifs en direction des membres du GCO 5 Segonn. Au moins 12 membres du GCO ont été tués.	3	2/1/2026	Ouest	Port-au-Prince	1re Section Turgeau	Morne à Tuf	18.5420742	-72.34510803	hti:b32c561f	12	0	Connu
Les forces de l'ordre ont déployé au moins 3 drones explosifs contre les membres du GCO Gran Ravin.	3	12/3/2026	Ouest	Port-au-Prince	3e Section Martissant	Village de Dieu	18.53722954	-72.35466003	hti:b524efa7	0	0	inconnu
Des membres de la PNH ont lancé une opération contre les positions des membres des GCO de Gran Ravin et de 5 Segonn au centre-ville. Au moins 4 drones explosifs ont été utilisés et au moins trois membres de GCO ont été blessés.	4	15/9/2025	Ouest	Port-au-Prince	1re Section Turgeau	Bas Peu De Choses	18.5359478	-72.34178162	hti:b64f10ac	0	3	Connu
Des unités spécialisées de la PNH ont lancé au moins trois drones explosifs en direction des membres des GCO Gran Ravin et 5 Segonn.	3	8/10/2025	Ouest	Port-au-Prince	1re Section Turgeau	Port-au-Prince	18.53381348	-72.33715057	hti:b6ac9247	0	0	inconnu
Des agents de la PNH ont lancé des drones explosifs en direction des membres du GCO Bel-Air qui tentaient de progresser vers un quartier.	2	27/4/2025	Ouest	Port-au-Prince	1re Section Turgeau	Christ Roi	18.53993416	-72.32312775	hti:b7fdd442	0	0	inconnu
Des unités spécialisées de la Task Force ont déployé au moins un drone explosif visant des membres des GCO Gran Ravin et 5 Segonn.	1	14/10/2025	Ouest	Port-au-Prince	1re Section Turgeau	Bas Peu De Choses	18.53382301	-72.33716583	hti:b992b843	0	0	inconnu
Des agents de la PNH ont lancé des drones explosifs en direction des membres de GCO Gran Ravin.	2	9/6/2025	Ouest	Port-au-Prince	1re Section Turgeau	Bas Peu De Choses	18.53350449	-72.3385849	hti:ba60a4de	0	0	inconnu
Des agents de la PNH ont utilisé des drones explosifs et ouvert le feu sur les membres du GCO Gran Ravin, qui occupaient un quartier. L'objectif de l'opération était de repousser les assaillants, mais le bilan n'a pas été communiqué.	2	12/3/2025	Ouest	Port-au-Prince	1re Section Turgeau	Carrefour-Feuilles	18.5256958	-72.34008026	hti:bad8f24e	0	0	inconnu
Des agents des unités spécialisées de la PNH ont utilisé au moins un drone explosif contre des membres des GCO Gran Ravin et 5 Segonn lors d'une opération.	1	8/11/2025	Ouest	Port-au-Prince	1re Section Turgeau	Centre-Ville	18.53607368	-72.33973694	hti:bb74414b	0	0	inconnu
Des agents des différentes unités spécialisées de la PNH ont attaqué et lancé au moins deux drones à charge explosive contre la base du GCO 5 Segonn. Le bilan humain et les dégâts matériels de cette attaque n'ont pas été rapportés.	2	29/3/2025	Ouest	Port-au-Prince	3e Section Martissant	Village de Dieu	18.53722954	-72.35466003	hti:bc0371f0	0	0	inconnu
Des membres de la PNH ont lancé au moins 3 drones explosifs contre des positions des membres des GCO Gran Ravin et 5 Segonn.	3	13/3/2026	Ouest	Port-au-Prince	1re Section Turgeau	Centre-Ville	18.53596115	-72.33975983	hti:bc0bc64b	0	0	inconnu
Des agents de la PNH ont déployé au moins deux drones explosifs au cours d’une opération ciblant les membres du GCO Bel‑Air et de Krache Dife.	2	29/1/2026	Ouest	Port-au-Prince	1re Section Turgeau	Bel Air	18.54997063	-72.33616638	hti:bcd39d6e	0	0	inconnu
Des unités de la PNH ont déployé au moins deux drones explosifs ciblant la base du GCO 5 Segonn lors d’une opération.	2	7/12/2025	Ouest	Port-au-Prince	3e Section Martissant	Village de Dieu	18.53722954	-72.35466003	hti:bd7fa660	0	0	inconnu
Des agents de la PNH ont déployé au moins un drone explosif visant les membres du GCO Gran Ravin.	1	9/12/2025	Ouest	Port-au-Prince	1re Section Turgeau	Centre-Ville	18.53202248	-72.34081268	hti:bd96647f	0	0	inconnu
Des unités spécialisées de la Task Force ont lancé au moins un drone explosif en direction des membres du GCO Gran Ravin.	1	10/10/2025	Ouest	Port-au-Prince	1re Section Turgeau	Pacot	18.52924156	-72.32738495	hti:be1cd123	0	0	inconnu
Des agents des forces de l'ordre ont lancé au moins 3 drones explosifs contre des positions des membres du GCO 5 Segonn lors d'une fête de Noël organisée par ces derniers. Au moins 24 membres présumés du GCO 5 Segonn ont été tués.	3	24/12/2025	Ouest	Cabaret	3e Section Source Matelas	Lafiteau	18.69458389	-72.34993744	hti:bf851ea3	24	0	Connu
Des agents de la PNH ont attaqué et lancé des drones en direction de la base du GCO 5 Segonn.	2	1/6/2025	Ouest	Port-au-Prince	3e Section Martissant	Village de Dieu	18.53722954	-72.35466003	hti:c28274d8	0	0	inconnu
Des agents de la PNH ont déployé au moins deux drones explosifs contre des membres du GCO Gran Ravin.	2	9/3/2026	Ouest	Port-au-Prince	3e Section Martissant	Martissant	18.52625465	-72.35639191	hti:c389bac4	0	0	inconnu
Des agents de la PNH ont lancé des drones explosifs sur la base du GCO Kraze Baryè lors d'une intervention. Des dommages matériels ont été observés.	2	22/5/2025	Ouest	Tabarre	2e Section Bellevue	Torcelle	18.54146767	-72.24023438	hti:c3bcc3e4	0	0	inconnu
Des unités de la PNH ont lancé au moins deux drones explosifs en direction de membres du GCO 5 Segonn retranchés dans une maison. Celle-ci, utilisée comme cachette par les membres du groupe, a été ciblée et encerclée par les forces de l’ordre.	2	16/8/2025	Ouest	Kenscoff	3e Section Sourcailles	Obléon	18.43814087	-72.27217865	hti:c3d3e1fe	0	0	inconnu
Des agents de la PNH ont lancé au moins un drone explosif au cours d’une opération ciblée contre les membres des GCO Gran Ravin.	1	4/2/2026	Ouest	Port-au-Prince	1re Section Turgeau	Turgeau	18.53100586	-72.32395172	hti:c402c089	0	0	inconnu
Des agents de la PNH ont déployé au moins deux drones explosifs en direction des membres du GCO 5 Segonn.	2	1/3/2026	Ouest	Port-au-Prince	1re Section Turgeau	Morne à Tuf	18.53884506	-72.34600067	hti:c6503375	0	0	inconnu
Des agents de la PNH ont lancé des drones explosifs en direction de la base du GCO Gran Ravin.	2	18/6/2025	Ouest	Port-au-Prince	3e Section Martissant	Grand Ravine	18.52639771	-72.35605621	hti:c65de828	0	0	inconnu
Des agents de la PNH ont lancé un drone explosif contre les GCO Gran Ravin et 5 Segonn présents dans la zone.	1	22/8/2025	Ouest	Port-au-Prince	1re Section Turgeau	Port-au-Prince	18.54732704	-72.33959198	hti:c67664b4	0	0	inconnu
Des agents de la PNH ont lancé au moins deux drones explosifs lors d’une opération visant les membres du GCO Gran Ravin, retranchés dans des habitations.	2	8/1/2026	Ouest	Port-au-Prince	1re Section Turgeau	Morne à Tuf	18.53846359	-72.3460083	hti:c6776da1	0	0	inconnu
Des agents de la PNH de différentes unités spécialisées ont lancé plusieurs drones explosifs en direction de la base du GCO Gran Ravin.	2	6/5/2025	Ouest	Port-au-Prince	3e Section Martissant	Grand Ravine	18.52639771	-72.35605621	hti:c6cf684e	0	0	inconnu
Des unités spécialisées de la PNH ont déployé au moins deux drones explosifs contre des membres du GCO Bel Air.	2	27/12/2025	Ouest	Port-au-Prince	1re Section Turgeau	Bel Air	18.54997063	-72.33616638	hti:c6ec4de8	0	0	inconnu
Des agents de la Police Nationale d’Haïti (PNH) ont lancé au moins un drone explosif visant des membres des GCO 5 Segonn et Gran Ravin.	1	11/12/2025	Ouest	Port-au-Prince	1re Section Turgeau	Centre-Ville	18.53561592	-72.33946991	hti:c81d6578	0	0	inconnu
Au cours d’une opération ciblée, des agents de la PNH ont déployé au moins quatre drones explosifs contre les membres des GCO Gran Ravin.	4	30/12/2025	Ouest	Port-au-Prince	1re Section Turgeau	Centre-Ville	18.5427742	-72.34497833	hti:c99eeb07	0	0	inconnu
Des agents de la Police nationale d’Haïti ont lancé au moins quatre drones en direction des membres du GCO 5 Segonn.	4	17/7/2025	Ouest	Kenscoff	2e Section Bongars	Belo	18.45902824	-72.32546234	hti:ca5e2c1b	0	0	inconnu
Des forces de défense et de sécurité ont déployé au moins deux drones explosifs contre les positions des membres du GCO 5 Segonn lors d’une opération.	2	9/5/2026	Ouest	Port-au-Prince	3e Section Martissant	Portail Leogane	18.53581619	-72.34695435	hti:ca894439	0	0	inconnu
Des unités spécialisées de la PNH ont déployé au moins un drone explosif en direction des membres du GCO 5 Segonn.	1	3/1/2026	Ouest	Cabaret	2e Section Boucassin	Bercy	18.76932716	-72.46908569	hti:cbdf6f76	0	0	inconnu
Des agents de la PNH ont lancé au moins un drone explosif contre des membres du GCO 5 Segonn lors d'une opération.	1	2/4/2026	Ouest	Port-au-Prince	1re Section Turgeau	Morne à Tuf	18.53575897	-72.33976746	hti:cc425def	0	0	inconnu
Des agents de la PNH ont lancé au moins deux drones et ont frappé la base du GCO de Bel-Air au cours d'une opération.	2	7/1/2026	Ouest	Port-au-Prince	1re Section Turgeau	Bel Air	18.54997063	-72.33616638	hti:cd55b5bd	0	0	inconnu
Des agents de la Police nationale d’Haïti ont lancé au moins trois drones en direction de la base du GCO Gran Ravin. Au moins deux membres du GCO Gran Ravin tués.	3	21/6/2025	Ouest	Port-au-Prince	3e Section Martissant	Martissant	18.52736855	-72.35704803	hti:cd577a44	2	0	Connu
Des agents de la PNH ont mené une attaque contre la base du GCO Kraze Baryè en lançant plusieurs drones explosifs. Le bilan indique au moins sept membres du GCO tués et neuf blessés, y compris le chef. Des véhicules et des maisons servant de cachette aux membres du GCO ont également été détruits.	2	23/5/2025	Ouest	Tabarre	2e Section Bellevue	Torcelle	18.54146767	-72.24023438	hti:ce5fb6b4	7	9	Connu
Des unités de la PNH ont mené une opération au cours de laquelle elles ont utilisé des drones explosifs contre des membres du GCO Gran Ravin. Cette intervention visait à chasser ces individus d’un quartier qu’ils occupent depuis plus de quatre mois.	2	11/8/2025	Ouest	Port-au-Prince	3e Section Martissant	Carrefour Feuilles	18.52422714	-72.34825134	hti:cf551f70	0	0	inconnu
Des unités spécialisées de la PNH ont déployé au moins deux drones explosifs en direction des membres du GCO 5 Segonn, dans le cadre d’une opération visant à les déloger d’une localité.	2	6/11/2025	Ouest	Pétion-Ville	3e Section Etang du Jonc	Feça	18.45282936	-72.31816864	hti:d105c07c	0	0	inconnu
Des forces de défense et de sécurité ont mené une opération dans la base du GCO de Kokorat san Ras. Au moins trois drones ont été lancés.	3	14/5/2026	Artibonite	L'Estère	2e Section Petite Desdunes	Johanisse	19.33749199	-72.58908081	hti:d145e59d	0	0	inconnu
Des agents de l’unité spécialisée de la PNH ont déployé au moins un drone explosif visant des membres du GCO 5 Segonn, retranchés dans des habitations à proximité de la population civile.	1	28/12/2025	Ouest	Port-au-Prince	1re Section Turgeau	Centre-Ville	18.53581047	-72.33976746	hti:d1958ed8	0	0	inconnu
Des unités spécialisées de la Task Force ont déployé deux drones explosifs pour frapper des membres des GCO Gran Ravine et 5 Segonn lors d’une opération. Au moins dix présumés membres de ces groupes ont été abattus.	2	22/10/2025	Ouest	Port-au-Prince	1re Section Turgeau	Avenue Christophe	18.53360176	-72.33926392	hti:d22bedcd	10	0	Connu
Des forces de défense et de sécurité ont lancé un drone explosif contre les membres du GCO Gran Grif.	1	7/5/2026	Artibonite	Petite Rivière de l'Artibonite	1re Section Bas Coursin I	Jean Denis	19.18319511	-72.55220032	hti:d2785b84	0	0	inconnu
Des agents spécialisés de la PNH ont mené une intervention et lancé des drones en direction des membres du GCO Kraze Baryè. Ces derniers ont réussi à prendre la fuite et ont abandonné le véhicule à bord duquel il circulait.	2	7/6/2025	Ouest	Croix-Des-Bouquets	3e Section Petit Bois	Dumay	18.51023865	-72.19997406	hti:d2fe8a3d	0	0	inconnu
Des agents de la PNH ont déployé au moins un drone explosif contre des membres du GCO Gran Ravin lors d'une opération.	1	19/1/2026	Ouest	Port-au-Prince	1re Section Turgeau	Morne à Tuf	18.53377533	-72.33979797	hti:d426dd33	0	0	inconnu
Des unités spécialisées de la PNH ont déployé au moins trois drones explosifs ciblant les membres du GCO Delmas 6.	3	10/11/2025	Ouest	Delmas	1re Section St Martin	Delmas 6	18.55784607	-72.3303299	hti:d54eddd9	0	0	inconnu
Les membres de la PNH ont fait usage d'au moins de 2 drones explosifs en direction des membres du GCO 5 Segonn.	2	17/11/2025	Ouest	Port-au-Prince	1re Section Turgeau	Port-au-Prince	18.54874802	-72.34349823	hti:d558adfc	0	0	inconnu
Des membres des forces de défense et de sécurité ont lancé au moins deux drones explosifs en direction des membres du GCO 5 Segonn.	2	19/4/2026	Ouest	Port-au-Prince	3e Section Martissant	Portail Leogane	18.53581619	-72.34695435	hti:d5939fd0	0	0	inconnu
Des membres des forces de défense et de sécurité ont lancé au moins deux drones explosifs contre des membres du GCO 5 Segonn lors d'une opération.	2	26/4/2026	Ouest	Port-au-Prince	1re Section Turgeau	Bas Peu De Choses	18.53350449	-72.3385849	hti:d72ac2f2	0	0	inconnu
 Des agents de la PNH ont lancé au moins un drone explosif visant les membres du GCO Gran Ravin. .	1	17/1/2026	Ouest	Port-au-Prince	1re Section Turgeau	Pacot	18.53396225	-72.32727814	hti:d7dfb236	0	0	inconnu
Des agents de la PNH ont dû faire usage d’un drone explosif pour repousser les membres du GCO.	1	7/7/2025	Ouest	Port-au-Prince	1re Section Turgeau	Bas Peu De Choses	18.53350449	-72.3385849	hti:da1d83f6	0	0	inconnu
Des agents de la PNH ont déployé au moins un drone explosif contre des membres du GCO de Gran Ravin.	1	13/12/2025	Ouest	Port-au-Prince	1re Section Turgeau	Turgeau	18.5321064	-72.33039856	hti:da46f393	0	0	inconnu
Des agents de la PNH ont lancé au moins un drone explosif contre des membres du GCO 5 Segonn.	1	1/3/2026	Ouest	Port-au-Prince	1re Section Turgeau	Morne à Tuf	18.53445435	-72.34236145	hti:da75c14c	0	0	inconnu
Des agents spécialisés de la PNH ont lancé plusieurs drones explosifs contre une des bases du GCO Gran Ravin. Lors de ces explosions, plusieurs maisons appartenant aux membres du GCO ont été détruites.	2	10/6/2025	Ouest	Port-au-Prince	3e Section Martissant	Fort-Mercredi	18.52661896	-72.35037994	hti:db852710	0	0	inconnu
Des agents de la PNH ont déployé au moins 3 drones explosifs contre des membres du GCO 5 Segonn.	3	8/3/2026	Ouest	Port-au-Prince	3e Section Martissant	Village de Dieu	18.53722954	-72.35466003	hti:dcc781ed	0	0	inconnu
Des agents de la PNH ont utilisé des drones porteurs de charges explosives lors d'une opération. Au moins un membre du groupe criminel a été tué. Des tirs de riposte ont été opérés par les membres de ce GCO. Des maisons ont été partiellement endommagées.	2	7/3/2025	Ouest	Cité Soleil	2e Section des Varreux	Waaf Jérémie	18.56644249	-72.34699249	hti:dd54fdc2	1	0	Connu
Au moins trois drones explosifs ont été déployés par des agents de la PNH contre les membres du GCO Gran Ravin.	3	23/4/2025	Ouest	Port-au-Prince	1re Section Turgeau	Pacot	18.52924156	-72.32738495	hti:dd653f4a	0	0	inconnu
Des unités de la Police Nationale d’Haïti (PNH) ont déployé au moins un drone explosif en direction de la base du GCO 5 Segonn, dans le cadre d’une opération ciblée.	1	12/8/2025	Ouest	Port-au-Prince	3e Section Martissant	Village de Dieu	18.53722954	-72.35466003	hti:e2053c54	0	0	inconnu
Des agents de la PNH ont fait usage d’au moins un drone explosif contre le GCO 5 Segonn lors d’une opération.	1	8/1/2026	Ouest	Port-au-Prince	1re Section Turgeau	Centre-Ville	18.54443741	-72.34461975	hti:e2b3784c	0	0	inconnu
Des membres de la PNH ont lancé au moins 1 drone explosif contre des positions des membres du GCO 5 Segonn.	1	14/3/2026	Ouest	Port-au-Prince	3e Section Martissant	Village de Dieu	18.53722954	-72.35466003	hti:e3163bb4	0	0	inconnu
Des agents de la PNH ont lancé au moins cinq drones explosifs visant les membres du GCO 5 Segonn et de Gran Ravin. Aucun coup de feu n’a été entendu dans la zone au moment de l’attaque.	5	27/8/2025	Ouest	Port-au-Prince	1re Section Turgeau	Morne à Tuf	18.53879738	-72.34369659	hti:e5607d00	0	0	inconnu
Des membres des forces de défense et de sécurité ont lancé au moins trois drones explosif en direction des membres du GCO 5 segonn.	3	22/4/2026	Ouest	Port-au-Prince	1re Section Turgeau	Centre-Ville	18.53846359	-72.34227753	hti:e67457f6	0	0	inconnu
Des unités spécialisées de la PNH (Task Force) ont lancé un drone explosif dans une foule réunie pour célébrer l’anniversaire du chef du GCO Simon Pelé. L’explosion a fait au moins seize morts, quinze blessés, parmi lesquels figurent trois enfants, neuf femmes.	1	20/9/2025	Ouest	Delmas	1re Section St Martin	Simon-Pelé	18.56720543	-72.31924438	hti:e71885b8	16	15	Connu
Des unités spécialisées de la PNH ont lancé au moins un drone explosif en direction de membres du GCO Gran Ravin.	1	3/9/2025	Ouest	Port-au-Prince	3e Section Martissant	Carrefour Feuilles	18.52422714	-72.34825134	hti:e72854ee	0	0	inconnu
Des membres des forces de l'ordre ont utilisé au moins deux drones explosifs en direction des membres du GCO 5 Segonn.	2	29/3/2026	Ouest	Port-au-Prince	1re Section Turgeau	Centre-Ville	18.54841995	-72.34177399	hti:e75a57fe	0	0	inconnu
Des agents de la PNH ont déployé au moins un drone explosif contre les membres du GCO Nan Boston.	1	18/12/2025	Ouest	Cité Soleil	2e Section des Varreux	Nanraguette	18.57679939	-72.31973267	hti:e8c51187	0	0	inconnu
Des agents de la PNH ont déployé au moins six drones explosifs contre les membres des GCO Bel Air, au cours d’une opération ciblée. Des armes et de l’argent ont été récupérés, et au moins une maison a été détruite.	6	30/12/2025	Ouest	Port-au-Prince	1re Section Turgeau	Bel Air	18.55064011	-72.33655548	hti:ead8de5b	0	0	inconnu
Des unités spécialisées de la Task Force ont déployé au moins deux drones explosifs ciblant des membres du GCO Gran Ravin.	2	30/10/2025	Ouest	Port-au-Prince	1re Section Turgeau	Centre-Ville	18.54006958	-72.34562683	hti:eb72b101	0	0	inconnu
Des forces de défense et de sécurité ont lancé au moins deux drones explosifs contre les positions des membres du GCO 5 Segonn.	2	5/5/2026	Ouest	Port-au-Prince	3e Section Martissant	Portail Leogane	18.53581619	-72.34695435	hti:eb738d9f	0	0	inconnu
Des agents de la Police nationale d’Haïti ont lancé au moins quatre drones en direction de la base du GCO Gran Ravin.	4	29/6/2025	Ouest	Port-au-Prince	3e Section Martissant	Bolosse	18.53037071	-72.34946442	hti:ec337857	0	0	inconnu
Des agents de la PNH ont déployé au moins deux drones explosifs contre les positions du GCO 5 Segonn lors d’une opération menée sur la RN2.	2	1/4/2026	Ouest	Port-au-Prince	3e Section Martissant	Portail Leogane	18.53580284	-72.34667206	hti:edd6f11b	0	0	inconnu
Des agents de la PNH ont mené une opération dans la zone pendant plusieurs heures. Ils ont tué au moins cinq présumés criminels et blessé deux autres. Des drones explosifs ont été utilisés par la PNH.Le bilan des dégâts matériels n'est pour l'instant pas connu.	2	1/3/2025	Ouest	Delmas	1re Section St Martin	Delmas 6	18.55784607	-72.3303299	hti:ee2ffe14	5	2	Connu
Des unités spécialisées de la PNH ont lancé au moins cinq drones à charge explosive contre des membres du GCO, dont 5 Segonn.	5	31/7/2025	Ouest	Port-au-Prince	1re Section Turgeau	Bas Peu De Choses	18.53350449	-72.3385849	hti:eef1619c	0	0	inconnu
Des membres de la PNH ont fait usage d'au moins un drone explosif en direction des membres du GCO 5 Segonn.	1	18/11/2025	Ouest	Port-au-Prince	1re Section Turgeau	Port-au-Prince	18.53974533	-72.34438324	hti:efb7c081	0	0	inconnu
Des agents spécialisés de la PNH ont fait usage d’au moins cinq drones contre le GCO de Bel-Air, à la suite de violents affrontements.	5	6/1/2026	Ouest	Port-au-Prince	1re Section Turgeau	Bel Air	18.55068016	-72.33643341	hti:f17b692f	0	0	inconnu
Des forces de défense et de sécurité ont mené une opération dans la base du GCO Kokorat San Ras. Au moins cinq drones ont déjà été lancés. Des véhicules blindés ainsi qu'un hélicoptère ont été aussi utilisés au cours de l'opération.	5	13/5/2026	Artibonite	L'Estère	2e Section Petite Desdunes	Johanisse	19.33749199	-72.58908081	hti:f26c597b	0	0	inconnu
Les forces de l'ordre ont attaqué au moyen de drones explosifs des membres du GCO 5 Segonn. Au moins un des membres a succombé à ses blessures.	2	16/5/2025	Ouest	Port-au-Prince	3e Section Martissant	Village de Dieu	18.53722954	-72.35466003	hti:f32491a7	1	0	Connu
Des agents de la PNH ont lancé au moins un drone explosif contre les positions des membres du GCO 5 Segonn lors d'une opération.	1	16/4/2026	Ouest	Port-au-Prince	1re Section Turgeau	Bas Peu De Choses	18.53573799	-72.33977509	hti:f4033988	0	0	inconnu
Des agents de différentes unités spécialisées de la PNH ont lancé au moins 17 drones explosifs contre les positions des membres du GCO Gran Ravin, qui tentaient de progresser vers le centre-ville.	17	19/4/2025	Ouest	Kenscoff	3e Section Sourcailles	Kenscoff	18.44948387	-72.28664398	hti:f4230ec5	0	0	inconnu
Des forces de défense et de sécurité ont déployé au moins deux drones explosifs contre des membres du GCO Gran Ravin lors d'une opération.	2	6/5/2026	Ouest	Port-au-Prince	3e Section Martissant	2ème Avenue Bolosse	18.52882767	-72.34868622	hti:f7a50d9f	0	0	inconnu
Des agents de la PNH ont déployé au moins trois drones explosifs contre la base du GCO 5 Segonn.	3	1/3/2026	Ouest	Port-au-Prince	3e Section Martissant	Village de Dieu	18.53722954	-72.35466003	hti:f89cda40	0	0	inconnu
Des membres des forces de l'ordre ont lancé au moins deux drones explosifs en direction des membres du GCO 5 Segonn.	2	11/3/2026	Ouest	Port-au-Prince	3e Section Martissant	Village de Dieu	18.53722954	-72.35466003	hti:f8a18b83	0	0	inconnu
Des agents de la PNH ont lancé au moins un drone explosif contre des membres du GCO Grand Ravin.	1	14/2/2026	Ouest	Port-au-Prince	3e Section Martissant	Bolosse	18.53037071	-72.34946442	hti:f8e30977	0	0	inconnu
Des membres des forces de l'ordre ont utilisé au moins un drone explosif en direction des membres du GCO Gran Ravin.	1	25/3/2026	Ouest	Port-au-Prince	1re Section Turgeau	Pacot	18.52924156	-72.32738495	hti:f9259b13	0	0	inconnu
Des agents de la PNH ont lancé au moins un drone explosif en direction des membres du GCO Bel-Air.	1	14/2/2026	Ouest	Port-au-Prince	1re Section Turgeau	Bel Air	18.55056763	-72.33668518	hti:fadc97d9	0	0	inconnu
Des forces de défense et de sécurité ont lancé un drone explosif contre les membres du GCO Gran Grif.	1	7/5/2026	Artibonite	Petite Rivière de l'Artibonite	1re Section Bas Coursin I	Jean Denis	19.18319511	-72.55220032	hti:fbbc0308	0	0	inconnu
Des agents de la PNH ont lancé au moins un drone explosif contre des membres du GCO retranchés dans un ancien bâtiment public.	1	18/12/2025	Ouest	Delmas	1re Section St Martin	Simon-Pelé	18.57653999	-72.31655884	hti:fc0e49b0	0	0	inconnu
Des agents de la PNH ont utilisé au moins trois drones explosifs contre les membres des GCO 5 Segonn et Gran Ravin lors d’une opération.	3	6/1/2026	Ouest	Port-au-Prince	1re Section Turgeau	Morne à Tuf	18.53859901	-72.34758759	hti:ffe53c02	0	0	inconnu
